<?xml version="1.0" encoding="UTF-8"?>
<PRPA_IN201306UV02 xmlns:xsi="http://www.w3.org/2001/XMLSchema-instance"
    xsi:schemaLocation="urn:hl7-org:v3 file:///Users/gunn/Connectathon2010/IHEPIXPDQV3/PIXV3.Support.Materials.v3/schema/HL7V3/NE2008/multicacheschemas/PRPA_IN201306UV02.xsd" xmlns="urn:hl7-org:v3" ITSVersion="XML_1.0">
    <id root="1.2.840.114350.1.13.999.238" extension="55789"/>
    <creationTime value="20070428150302"/>
    <interactionId root="2.16.840.1.113883.1.6" extension="PRPA_IN201306UV02"/>
    <processingCode code="T"/>
    <processingModeCode code="I"/>
    <acceptAckCode code="NE"/>
    <receiver typeCode="RCV">
        <device classCode="DEV" determinerCode="INSTANCE">
            <id root="1.2.840.114350.1.13.999.567"/>
        </device>
    </receiver>
    <sender typeCode="SND">
        <device classCode="DEV" determinerCode="INSTANCE">
            <id root="1.2.840.114350.1.13.999.234"/>
            <telecom value="http://servicelocation/PDQuery"/>
        </device>
    </sender>
    <acknowledgement>
        <typeCode code="AA"/>
        <targetMessage>
            <id root="1.2.840.114350.1.13.0.1.7.1.1" extension="35423"/>
        </targetMessage>
    </acknowledgement>
    <controlActProcess classCode="CACT" moodCode="EVN">
        <code code="PRPA_TE201306UV02" codeSystem="2.16.840.1.113883.1.6"/>
    
        <subject typeCode="SUBJ">
            <registrationEvent classCode="REG" moodCode="EVN">
                <id nullFlavor="NA"/>
                <statusCode code="active"/>
                <subject1 typeCode="SBJ">
                    <patient classCode="PAT">
                        <id root="1.2.840.114350.1.13.99998.8734" extension="34827K410"/>
                        <statusCode code="active"></statusCode>
                        
                        <patientPerson>
                            <name>
                                <given>James</given>
                                <family>Jones</family>
                            </name>
                            <telecom value="tel:+1-481-555-7684;ext=2342" use="WP"/>
                            <telecom value="tel:+1-765-555-4352" use="HP"/>
                            <administrativeGenderCode code="M"/>
                            <birthTime value="19630804"/>
                            <addr>
                                <streetAddressLine>3443 North Arctic Avenue</streetAddressLine>
                                <city>Some City</city>
                                <state>IL</state>
                            </addr>
                                         
                            <asOtherIDs classCode="PAT">
                                <id root="1.2.840.114350.1.13.99997.2.3412" extension="38273D433"/>
                                <scopingOrganization classCode="ORG" determinerCode="INSTANCE">
                                    <id root="1.2.840.114350.1.13.99997.2.3412"/>
                                </scopingOrganization>
                            </asOtherIDs>
                            <asOtherIDs classCode="CIT">
                                <id root="2.16.840.1.113883.4.1" extension="999-88-6345"/>
                                <scopingOrganization classCode="ORG" determinerCode="INSTANCE">
                                    <id root="2.16.840.1.113883.4.1"/>
                                </scopingOrganization>
                            </asOtherIDs>
                            
                        </patientPerson>
                        <providerOrganization classCode="ORG" determinerCode="INSTANCE">
                            <id root="1.2.840.114350.1.13.99998.8734"/>
                            <name>Good Health Clinic</name>
                            <contactParty classCode="CON">
                                <telecom value="tel:+1-342-555-8394"/>
                            </contactParty>
                        </providerOrganization>
                        
                        <subjectOf1>
                            <queryMatchObservation classCode="COND" moodCode="EVN">
                                <code code="IHE_PDQ"/>
                                <value xsi:type="INT" value="92"/>
                            </queryMatchObservation>                     
                        </subjectOf1>
                        
                    </patient>
                </subject1>
                <custodian typeCode="CST">
                    <assignedEntity classCode="ASSIGNED">
                        <id root="1.2.840.114350.1.13.99998.8734"/>
                    </assignedEntity>
                </custodian>
             
            </registrationEvent>
        </subject>
        <subject typeCode="SUBJ">
            <registrationEvent classCode="REG" moodCode="EVN">
                <id nullFlavor="NA"/>
                <statusCode code="active"/>
                <subject1 typeCode="SBJ">
                    <patient classCode="PAT">
                        <id root="1.2.840.114350.1.13.99998.8734" extension="34827R534"/>
                        <statusCode code="true"/>
                        <patientPerson>
                           
                            <name>
                                <given>Jim</given>
                                <family>Jones</family>
                            </name>
                            <telecom value="tel:+1-795-555-4745" use="HP"/>
                            <administrativeGenderCode code="M"/>
                            <birthTime value="19630713"/>
                            <addr>
                                <streetAddressLine>8734 Blue Ocean Street</streetAddressLine>
                                <city>Other City</city>
                                <state>IL</state>
                            </addr>
                          
                            <asOtherIDs classCode="CIT">
                                <id root="2.16.840.1.113883.4.1" extension="999-89-3300"/>
                                <scopingOrganization classCode="ORG" determinerCode="INSTANCE">
                                    <id root="2.16.840.1.113883.4.1"/>
                                </scopingOrganization>
                            </asOtherIDs>
                        </patientPerson>
                        <providerOrganization classCode="ORG" determinerCode="INSTANCE">
                            <id root="1.2.840.114350.1.13.99998.8734"/>
                            <name>Good Health Clinic</name>
                            <contactParty classCode="CON">
                                <telecom value="tel:+1-342-555-8394"/>
                            </contactParty>
                        </providerOrganization>
                        <subjectOf1>
                            <queryMatchObservation classCode="COND" moodCode="EVN">
                                <code code="IHE_PDQ"/>
                                <value xsi:type="INT" value="85"/>
                            </queryMatchObservation>
                        </subjectOf1>
                    </patient>
                </subject1>
                <custodian typeCode="CST">
                    <assignedEntity classCode="ASSIGNED">
                        <id root="1.2.840.114350.1.13.99998.8734"/>
                    </assignedEntity>
                </custodian>
            </registrationEvent>
        </subject>
      
        <queryAck>
            <queryId root="1.2.840.114350.1.13.28.1.18.5.999" extension="18204"/>
            <queryResponseCode code="OK"/>
            <resultTotalQuantity value="5"/>
            <resultCurrentQuantity value="2"/>
            <resultRemainingQuantity value="3"/>
        </queryAck>
        <queryByParameter>
            <queryId root="1.2.840.114350.1.13.28.1.18.5.999" extension="18204"/>
            <statusCode code="new"/>
            <initialQuantity value="2"/>
            <parameterList>
                <livingSubjectAdministrativeGender>
                    <value code="M"/>
                    <semanticsText>LivingSubject.administrativeGender</semanticsText>
                </livingSubjectAdministrativeGender>
                <livingSubjectBirthTime>
                    <value value="19630804"/>
                    <semanticsText>LivingSubject..birthTime</semanticsText>
                </livingSubjectBirthTime>
                <livingSubjectName>
                    <value>
                        <given>Jimmy</given>
                        <family>Jones</family>
                    </value>
                    <semanticsText>LivingSubject.name</semanticsText>
                </livingSubjectName>
                <otherIDsScopingOrganization>
                    <value root="1.2.840.114350.1.13.99997.2.3412"/>
                    <semanticsText>OtherIDs.scopingOrganization.id</semanticsText>
                </otherIDsScopingOrganization>
                <otherIDsScopingOrganization>
                    <value root="2.16.840.1.113883.4.1"/>
                    <semanticsText>OtherIDs.scopingOrganization.id</semanticsText>
                </otherIDsScopingOrganization>
                <otherIDsScopingOrganization>
                    <value root="1.2.840.114350.1.13.99998.8734"/>
                    <semanticsText>OtherIDs.scopingOrganization.id</semanticsText>
                </otherIDsScopingOrganization>
            </parameterList>
        </queryByParameter>
    </controlActProcess>
</PRPA_IN201306UV02>
