<?xml version="1.0" encoding="UTF-8"?>
<PRPA_IN201305UV02 xmlns:xsi="http://www.w3.org/2001/XMLSchema-instance" xsi:schemaLocation="urn:hl7-org:v3 file:///Users/gunn/Connectathon2009/IHEPIXPDQV3/PIXV3.Support.Materials.v3/schema/HL7V3/NE2008/multicacheschemas/PRPA_IN201305UV02.xsd" xmlns="urn:hl7-org:v3" ITSVersion="XML_1.0">
  <id extension="11311Q1" root="1.2.3.4.5"/>
  <creationTime value="20061118091950"/>
  <versionCode code="V3PR1"/>
  <interactionId displayable="true" extension="PRPA_IN201305UV02" root="2.16.840.1.113883"/>
  <processingCode code="P"/>
  <processingModeCode code="T"/>
  <acceptAckCode code="AL"/>
  <receiver typeCode="RCV">
      <device classCode="DEV" determinerCode="INSTANCE">
          <id extension="789" root="2.1.12" assigningAuthorityName="authority"/>
          <name>tested device </name>
      </device>
  </receiver>
  <sender typeCode="SND">
      <device classCode="DEV" determinerCode="INSTANCE">
          <id extension="100" root="1.2.3.4.5.1000"/>
          <name>MESA Device </name>
      </device>
  </sender>
  <controlActProcess classCode="CACT" moodCode="EVN">
      <code code="PRPA_TE201305UV02"/>
      <queryByParameter>

          <queryId assigningAuthorityName="MESA" displayable="true" extension="11311Q1" root="1.2.3.4.5"/>
          
          <statusCode code="new"/>
          
          <responseModalityCode code="R"/>
          <responsePriorityCode code="I"/>
          
          <initialQuantity value="10"/>
          <initialQuantityCode code="RD"/>
     
          <matchCriterionList>
             
              <matchAlgorithm>      
                  <value xsi:type="ST"/>
                  <semanticsText/>
              </matchAlgorithm>
              <minimumDegreeMatch>
                  <value xsi:type="INT"/>
                  <semanticsText/>
              </minimumDegreeMatch>     
              </matchCriterionList>
          <parameterList>     
              <id></id>
              <livingSubjectAdministrativeGender>
                  <value></value>
                  <semanticsText></semanticsText>
              </livingSubjectAdministrativeGender>
              <livingSubjectBirthTime>
                  <value></value>
                  <semanticsText></semanticsText>
              </livingSubjectBirthTime>
              
              <livingSubjectName>
                  <value xsi:type="PN">
                      <given>CHIP</given>
                      <family>MOORE</family>
                  </value>
                  <semanticsText>LivingSubject.name</semanticsText>
                  
              </livingSubjectName>
              
            <patientAddress>
                <value xsi:type="AD">

                </value>
                <semanticsText></semanticsText>
            </patientAddress>
                        
          </parameterList>
         
      </queryByParameter>
      
  </controlActProcess>
</PRPA_IN201305UV02>
