<?xml version="1.0" encoding="UTF-8"?>
<lcm:SubmitObjectsRequest xmlns:xsi="http://www.w3.org/2001/XMLSchema-instance"
    xmlns:rs="urn:oasis:names:tc:ebxml-regrep:registry:xsd:3.0"
    xmlns:lcm="urn:oasis:names:tc:ebxml-regrep:xsd:lcm:3.0"
    xmlns:rim="urn:oasis:names:tc:ebxml-regrep:xsd:rim:3.0"
    xmlns="urn:oasis:names:tc:ebxml-regrep:xsd:rim:3.0">
    <RegistryObjectList>
        <ExtrinsicObject id="Document01" mimeType="text/plain"
            objectType="urn:uuid:7edca82f-054d-47f2-a032-9b2a5b5186c1">
            <Slot name="size">
                <ValueList>
                    <Value>11</Value>
                </ValueList>
            </Slot>
            <Slot name="hash">
                <ValueList>
                    <Value>3916ed577b33d9b8d42c7b1d44f891813879ac04</Value>
                </ValueList>
            </Slot>
            <Slot name="URI">
                <ValueList>
                    <Value>DOC.TXT</Value>
                </ValueList>
            </Slot>
            <ExternalIdentifier id="ei2" identificationScheme="urn:uuid:2e82c1f6-a085-4c72-9da3-8640a32e42ab"
                value="1.2.3.4.5" registryObject="Document01">
                <Name>
                    <LocalizedString value="XDSDocumentEntry.uniqueId"/>
                </Name>
            </ExternalIdentifier>
        </ExtrinsicObject>
        <RegistryPackage id="SubmissionSet01">
            <Slot name="submissionTime">
                <ValueList>
                    <Value>20041225235050</Value>
                </ValueList>
            </Slot>
            <ExternalIdentifier id="sei1" identificationScheme="urn:uuid:96fdda7c-d067-4183-912e-bf5ee74998a8"
                value="1.2.3.5.6.7" registryObject="SubmissionSet01">
                <Name>
                    <LocalizedString value="XDSSubmissionSet.uniqueId"/>
                </Name>
            </ExternalIdentifier>
            <ExternalIdentifier id="sei2" identificationScheme="urn:uuid:554ac39e-e3fe-47fe-b233-965d2a147832"
                value="1.3.6.1.4.1.21367.2008.1.2.178" registryObject="SubmissionSet01">
                <Name>
                    <LocalizedString value="XDSSubmissionSet.sourceId"/>
                </Name>
            </ExternalIdentifier>
        </RegistryPackage>
        <Classification id="cli1" classifiedObject="SubmissionSet01"
            classificationNode="urn:uuid:a54d6aa5-d40d-43f9-88c5-b4633d873bdd"/>
        <Association id="a1" associationType="urn:oasis:names:tc:ebxml-regrep:AssociationType:HasMember" sourceObject="SubmissionSet01"
            targetObject="Document01">
            <Slot name="SubmissionSetStatus">
                <ValueList>
                    <Value>Original</Value>
                </ValueList>
            </Slot>
        </Association>
    </RegistryObjectList>
</lcm:SubmitObjectsRequest>
